Genome	ID	Start	Stop	Size (nt)	Strand	Function	FC	SS	Set	CL
Azoarcus sp. EbN1	fig|76114.4.peg.2770	2580544	2581731	1188	+	Cyclopropane-fatty-acyl-phospholipid synthase (EC 2.1.1.79)	 	40	36	
Azoarcus sp. EbN1	fig|76114.4.rna.39	2581896	2581821	76	-	tRNA-Ile	 	48	 	
Azoarcus sp. EbN1	fig|76114.4.peg.2771	2583932	2581941	1992	-	RNA polymerase sigma factor RpoD	 	1,8,14	3	
Azoarcus sp. EbN1	fig|76114.4.peg.2772	2585811	2583982	1830	-	DNA primase (EC 2.7.7.-)	 	1,2	6	
Azoarcus sp. EbN1	fig|76114.4.peg.2774	2586295	2585849	447	-	Transamidase GatB domain protein	 	1	7	
Azoarcus sp. EbN1	fig|76114.4.peg.2775	2586602	2586390	213	-	SSU ribosomal protein S21p	 	1,5	5	
Azoarcus sp. EbN1	fig|76114.4.peg.2776	2586751	2587779	1029	+	N(6)-L-threonylcarbamoyladenine synthase (EC 2.3.1.234)	 	1,6,9,10,11,12	4	
Azoarcus sp. EbN1	fig|76114.4.peg.2777	2588431	2587838	594	-	Acyl-phosphate:glycerol-3-phosphate O-acyltransferase PlsY (EC 2.3.1.n3)	4	4	2	
Azoarcus sp. EbN1	fig|76114.4.peg.2778	2588473	2588850	378	+	Dihydroneopterin aldolase (EC 4.1.2.25)	 	3	1	
Azoarcus sp. EbN1	fig|76114.4.peg.2779	2588862	2589290	429	+	hypothetical protein	 	 	 	
Azoarcus sp. EbN1	fig|76114.4.peg.2780	2589888	2589400	489	-	Cys-tRNA(Pro) deacylase YbaK	 	 	13	
Azoarcus sp. EbN1	fig|76114.4.peg.2781	2590379	2589885	495	-	Methylated-DNA--protein-cysteine methyltransferase (EC 2.1.1.63)	 	15	9	
Azoarcus sp. EbN1	fig|76114.4.peg.2782	2591825	2590548	1278	-	Gamma-glutamyl phosphate reductase (EC 1.2.1.41)	 	13,20	8	
Azoarcus sp. EbN1	fig|76114.4.peg.2783	2592926	2591919	1008	-	DNA polymerase III delta subunit (EC 2.7.7.7)	 	2	10	
Azoarcus sp. EbN1	fig|76114.4.peg.2784	2593432	2592923	510	-	LPS-assembly lipoprotein RlpB precursor (Rare lipoprotein B)	 	16,21	11	
Azoarcus sp. EbN1	fig|76114.4.peg.2785	2596063	2593442	2622	-	Leucyl-tRNA synthetase (EC 6.1.1.4)	 	 	12	
Azoarcus sp. EbN1	fig|76114.4.peg.2786	2596928	2596494	435	-	hypothetical protein	 	 	 	
Aromatoleum aromaticum EbN1	fig|76114.8.peg.2502	2580544	2581731	1188	+	Cyclopropane-fatty-acyl-phospholipid synthase (EC 2.1.1.79)	 	40	36	
Aromatoleum aromaticum EbN1	fig|76114.8.rna.41	2581896	2581821	76	-	tRNA-Met-CAT	 	 	 	
Aromatoleum aromaticum EbN1	fig|76114.8.peg.2503	2583932	2581941	1992	-	RNA polymerase sigma factor RpoD	13	1,8	3	
Aromatoleum aromaticum EbN1	fig|76114.8.peg.2504	2585811	2583982	1830	-	DNA primase (EC 2.7.7.-)	18	1,2	6	
Aromatoleum aromaticum EbN1	fig|76114.8.peg.2505	2586295	2585849	447	-	Transamidase GatB domain protein	15	1	7	
Aromatoleum aromaticum EbN1	fig|76114.8.peg.2506	2586602	2586390	213	-	SSU ribosomal protein S21p	19	1,5	5	
Aromatoleum aromaticum EbN1	fig|76114.8.peg.2507	2586748	2587779	1032	+	TsaD/Kae1/Qri7 protein, required for threonylcarbamoyladenosine t(6)A37 formation in tRNA	14	1,6,9,10,11,12	4	
Aromatoleum aromaticum EbN1	fig|76114.8.peg.2508	2588431	2587838	594	-	Acyl-phosphate:glycerol-3-phosphate O-acyltransferase PlsY (EC 2.3.1.n3)	17	4	2	
Aromatoleum aromaticum EbN1	fig|76114.8.peg.2509	2588473	2588850	378	+	Dihydroneopterin aldolase (EC 4.1.2.25)	 	3	1	
Aromatoleum aromaticum EbN1	fig|76114.8.peg.2510	2589263	2588895	369	-	putative trans-acting regulatory protein HvrA	 	 	28	
Aromatoleum aromaticum EbN1	fig|76114.8.peg.2511	2589888	2589400	489	-	Cys-tRNA(Pro) deacylase YbaK	 	 	13	
Aromatoleum aromaticum EbN1	fig|76114.8.peg.2512	2590379	2589885	495	-	Methylated-DNA--protein-cysteine methyltransferase (EC 2.1.1.63)	 	15	9	
Aromatoleum aromaticum EbN1	fig|76114.8.peg.2513	2591879	2590548	1332	-	Gamma-glutamyl phosphate reductase (EC 1.2.1.41)	 	13	8	
Aromatoleum aromaticum EbN1	fig|76114.8.peg.2514	2592926	2591919	1008	-	DNA polymerase III delta subunit (EC 2.7.7.7)	 	2	10	
Aromatoleum aromaticum EbN1	fig|76114.8.peg.2515	2593438	2592923	516	-	LPS-assembly lipoprotein RlpB precursor (Rare lipoprotein B)	 	16,21	11	
Aromatoleum aromaticum EbN1	fig|76114.8.peg.2516	2596063	2593442	2622	-	Leucyl-tRNA synthetase (EC 6.1.1.4)	 	 	12	
Aromatoleum aromaticum EbN1	fig|76114.8.peg.2517	2596079	2596192	114	+	hypothetical protein	 	 	 	
Aromatoleum aromaticum EbN1	fig|76114.8.peg.2518	2596573	2596247	327	-	conserved hypothetical protein	 	 	 	
Azoarcus sp. BH72	fig|62928.7.peg.3266	3544965	3544783	183	-	hypothetical protein	 	 	 	
Azoarcus sp. BH72	fig|62928.7.peg.3267	3544948	3547569	2622	+	Leucyl-tRNA synthetase (EC 6.1.1.4)	 	 	12	
Azoarcus sp. BH72	fig|62928.7.peg.3268	3547581	3548096	516	+	LPS-assembly lipoprotein RlpB precursor (Rare lipoprotein B)	 	16	11	
Azoarcus sp. BH72	fig|62928.7.peg.3269	3548093	3549103	1011	+	DNA polymerase III delta subunit (EC 2.7.7.7)	 	2	10	
Azoarcus sp. BH72	fig|62928.7.peg.3270	3549188	3550468	1281	+	Gamma-glutamyl phosphate reductase (EC 1.2.1.41)	 	13,20	8	
Azoarcus sp. BH72	fig|62928.7.peg.3271	3550691	3551608	918	+	Site-specific tyrosine recombinase XerD	 	 	15	
Azoarcus sp. BH72	fig|62928.7.peg.3272	3551801	3552124	324	+	Cys-tRNA(Pro) deacylase YbaK	 	 	13	
Azoarcus sp. BH72	fig|62928.7.peg.3273	3552261	3552620	360	+	DNA-binding protein, similar to histone-like nucleoid-structuring protein H-NS	 	 	28	
Azoarcus sp. BH72	fig|62928.7.peg.3274	3553088	3552711	378	-	Dihydroneopterin aldolase (EC 4.1.2.25)	 	3	1	
Azoarcus sp. BH72	fig|62928.7.peg.3275	3553201	3553797	597	+	Acyl-phosphate:glycerol-3-phosphate O-acyltransferase PlsY (EC 2.3.1.n3)	14	4	2	
Azoarcus sp. BH72	fig|62928.7.peg.3276	3554829	3553798	1032	-	N(6)-L-threonylcarbamoyladenine synthase (EC 2.3.1.234)	15	1,6,9,10,11,12	4	
Azoarcus sp. BH72	fig|62928.7.peg.3277	3554961	3555173	213	+	SSU ribosomal protein S21p	17	1,5	5	
Azoarcus sp. BH72	fig|62928.7.peg.3278	3555250	3557070	1821	+	DNA primase (EC 2.7.7.-)	13	1,2	6	
Azoarcus sp. BH72	fig|62928.7.peg.3279	3557120	3559108	1989	+	RNA polymerase sigma factor RpoD	9	1,8,14	3	
Azoarcus sp. BH72	fig|62928.7.peg.3280	3559950	3559582	369	-	Lactoylglutathione lyase (EC 4.4.1.5)	 	59,68	 	
Azoarcus sp. BH72	fig|62928.7.peg.3281	3560340	3559972	369	-	protein of unknown function DUF45	 	 	 	
Azoarcus sp. BH72	fig|62928.7.peg.3282	3561479	3560730	750	-	ADP-ribose pyrophosphatase of COG1058 family (EC 3.6.1.13)	 	 	 	
Thauera sp. MZ1T	fig|85643.4.peg.1161	1316708	1315932	777	-	hypothetical protein	 	 	 	
Thauera sp. MZ1T	fig|85643.4.rna.10	1317128	1317053	76	-	tRNA-Met-CAT	 	 	 	
Thauera sp. MZ1T	fig|85643.4.peg.1162	1319171	1317171	2001	-	RNA polymerase sigma factor RpoD	4	1,8,14	3	
Thauera sp. MZ1T	fig|85643.4.peg.1163	1321116	1319221	1896	-	DNA primase (EC 2.7.7.-)	9	1,2	6	
Thauera sp. MZ1T	fig|85643.4.peg.1164	1321489	1321277	213	-	SSU ribosomal protein S21p	9	1,5	5	
Thauera sp. MZ1T	fig|85643.4.peg.1165	1321627	1322667	1041	+	N(6)-L-threonylcarbamoyladenine synthase (EC 2.3.1.234)	9	1,6,9,10,11,12	4	
Thauera sp. MZ1T	fig|85643.4.peg.1166	1323493	1322885	609	-	Acyl-phosphate:glycerol-3-phosphate O-acyltransferase PlsY (EC 2.3.1.n3)	10	4	2	
Thauera sp. MZ1T	fig|85643.4.peg.1167	1323661	1324035	375	+	Dihydroneopterin aldolase (EC 4.1.2.25)	 	3	1	
Thauera sp. MZ1T	fig|85643.4.peg.1168	1324597	1324055	543	-	Cys-tRNA(Pro) deacylase YbaK	 	 	13	
Thauera sp. MZ1T	fig|85643.4.peg.1169	1325588	1324659	930	-	Site-specific tyrosine recombinase XerD	 	 	15	
Thauera sp. MZ1T	fig|85643.4.peg.1170	1326073	1325585	489	-	Methylated-DNA--protein-cysteine methyltransferase (EC 2.1.1.63)	 	15	9	
Thauera sp. MZ1T	fig|85643.4.peg.1171	1326672	1326088	585	-	FIG026291: Hypothetical protein	 	 	29	
Thauera sp. MZ1T	fig|85643.4.peg.1172	1327985	1326708	1278	-	Gamma-glutamyl phosphate reductase (EC 1.2.1.41)	 	13	8	
Thauera sp. MZ1T	fig|85643.4.peg.1173	1329105	1328095	1011	-	DNA polymerase III delta subunit (EC 2.7.7.7)	 	2	10	
Thauera sp. MZ1T	fig|85643.4.peg.1174	1329631	1329125	507	-	LPS-assembly lipoprotein RlpB precursor (Rare lipoprotein B)	 	16,21	11	
Thauera sp. MZ1T	fig|85643.4.peg.1175	1332291	1329664	2628	-	Leucyl-tRNA synthetase (EC 6.1.1.4)	 	 	12	
Methyloversatilis universalis FAM5	fig|1000565.3.peg.1988	71202	72365	1164	+	Alkaline phosphodiesterase I (EC 3.1.4.1) / Nucleotide pyrophosphatase (EC 3.6.1.9)	 	39	 	
Methyloversatilis universalis FAM5	fig|1000565.3.peg.1989	72842	72411	432	-	CBS domain containing membrane protein	 	 	 	
Methyloversatilis universalis FAM5	fig|1000565.3.peg.1990	74924	72900	2025	-	RNA polymerase sigma factor RpoD	6	1,8	3	
Methyloversatilis universalis FAM5	fig|1000565.3.peg.1991	77015	75243	1773	-	DNA primase (EC 2.7.7.-)	14	1,2	6	
Methyloversatilis universalis FAM5	fig|1000565.3.peg.1992	77479	77027	453	-	Transamidase GatB domain protein	11	1	7	
Methyloversatilis universalis FAM5	fig|1000565.3.peg.1993	77809	77597	213	-	SSU ribosomal protein S21p	14	1,5	5	
Methyloversatilis universalis FAM5	fig|1000565.3.peg.1994	77961	78971	1011	+	TsaD/Kae1/Qri7 protein, required for threonylcarbamoyladenosine t(6)A37 formation in tRNA	13	1,6,9,10,11,12	4	
Methyloversatilis universalis FAM5	fig|1000565.3.peg.1995	79595	78978	618	-	Acyl-phosphate:glycerol-3-phosphate O-acyltransferase PlsY	10	4	2	
Methyloversatilis universalis FAM5	fig|1000565.3.peg.1996	79659	80012	354	+	FolB protein	 	 	1	
Methyloversatilis universalis FAM5	fig|1000565.3.peg.1997	80505	79984	522	-	Methylated-DNA--protein-cysteine methyltransferase (EC 2.1.1.63)	 	15	9	
Methyloversatilis universalis FAM5	fig|1000565.3.peg.1998	81086	80505	582	-	Putative transmembrane lipoprotein	 	 	29	
Methyloversatilis universalis FAM5	fig|1000565.3.peg.1999	81283	82614	1332	+	hypothetical protein	 	 	 	
Methyloversatilis universalis FAM5	fig|1000565.3.peg.2000	82625	84007	1383	+	hypothetical protein	 	 	 	
Methyloversatilis universalis FAM5	fig|1000565.3.peg.2001	84659	84057	603	-	Putative multiple antibiotic transporter MarC-family	 	 	 	
Methyloversatilis universalis FAM5	fig|1000565.3.peg.2002	85972	84716	1257	-	Gamma-glutamyl phosphate reductase (EC 1.2.1.41)	 	13	8	
Methyloversatilis universalis FAM5	fig|1000565.3.peg.2003	87086	86082	1005	-	DNA polymerase III delta subunit (EC 2.7.7.7)	 	2	10	
Methyloversatilis universalis FAM5	fig|1000565.3.peg.2004	87613	87092	522	-	Putative lipoprotein B	 	 	11	
Methyloversatilis universalis FAM5	fig|1000565.3.peg.2005	90261	87628	2634	-	Leucyl-tRNA synthetase (EC 6.1.1.4)	 	 	12	
Accumulibacter phosphatis clade IIA str. UW-1	fig|522306.3.peg.847	695892	695614	279	-	Cell division protein FtsL	 	17,26	 	
Accumulibacter phosphatis clade IIA str. UW-1	fig|522306.3.peg.848	696844	695894	951	-	16S rRNA (cytosine(1402)-N(4))-methyltransferase EC 2.1.1.199) ## RsmH	 	17	 	
Accumulibacter phosphatis clade IIA str. UW-1	fig|522306.3.peg.849	697290	696841	450	-	Cell division protein MraZ	 	17,26	 	
Accumulibacter phosphatis clade IIA str. UW-1	fig|522306.3.peg.850	698816	698022	795	-	Putative transmembrane protein	 	 	 	
Accumulibacter phosphatis clade IIA str. UW-1	fig|522306.3.peg.851	699271	698813	459	-	hypothetical protein	 	 	 	
Accumulibacter phosphatis clade IIA str. UW-1	fig|522306.3.peg.852	700341	699307	1035	-	Dihydroorotase (EC 3.5.2.3)	 	34,77	 	
Accumulibacter phosphatis clade IIA str. UW-1	fig|522306.3.peg.853	701346	700504	843	-	16S rRNA (cytidine(1402)-2'-O)-methyltransferase (EC 2.1.1.198) ## RsmI	 	19,63	 	
Accumulibacter phosphatis clade IIA str. UW-1	fig|522306.3.peg.854	701372	701773	402	+	UPF0102 protein YraN	 	19	 	
Accumulibacter phosphatis clade IIA str. UW-1	fig|522306.3.peg.855	701793	702137	345	+	hypothetical protein	 	 	 	
Accumulibacter phosphatis clade IIA str. UW-1	fig|522306.3.peg.856	702178	702771	594	+	D-sedoheptulose 7-phosphate isomerase (EC 5.3.1.28)	 	19,37,50	 	
Accumulibacter phosphatis clade IIA str. UW-1	fig|522306.3.peg.857	702768	703421	654	+	21 kDa hemolysin precursor	 	19	 	
Accumulibacter phosphatis clade IIA str. UW-1	fig|522306.3.peg.858	703919	703563	357	-	Dihydroneopterin aldolase (EC 4.1.2.25)	 	3	1	
Accumulibacter phosphatis clade IIA str. UW-1	fig|522306.3.peg.859	704038	704646	609	+	Acyl-phosphate:glycerol-3-phosphate O-acyltransferase PlsY (EC 2.3.1.n3)	11	4	2	
Accumulibacter phosphatis clade IIA str. UW-1	fig|522306.3.peg.860	705166	704660	507	-	Gifsy-2 prophage lysozyme( EC:3.2.1.17 )	 	 	 	
Accumulibacter phosphatis clade IIA str. UW-1	fig|522306.3.peg.861	706470	705451	1020	-	N(6)-L-threonylcarbamoyladenine synthase (EC 2.3.1.234)	13	1,6,9,10,11,12	4	
Accumulibacter phosphatis clade IIA str. UW-1	fig|522306.3.peg.862	707153	706506	648	-	hypothetical protein	 	 	 	
Accumulibacter phosphatis clade IIA str. UW-1	fig|522306.3.peg.863	709518	707227	2292	-	TonB-dependent receptor	 	7	 	
Accumulibacter phosphatis clade IIA str. UW-1	fig|522306.3.peg.864	709786	710514	729	+	Ferric siderophore transport system, periplasmic binding protein TonB	 	7,64	 	
Accumulibacter phosphatis clade IIA str. UW-1	fig|522306.3.peg.865	710670	710500	171	-	hypothetical protein	 	 	 	
Accumulibacter phosphatis clade IIA str. UW-1	fig|522306.3.peg.866	710690	712768	2079	+	Anaerobic dehydrogenases, typically selenocysteine-containing	 	49	 	
Dechloromonas aromatica RCB	fig|159087.4.rna.63	586113	586037	77	-	tRNA-Met	 	48	 	
Dechloromonas aromatica RCB	fig|159087.4.peg.291	588094	586121	1974	-	RNA polymerase sigma factor RpoD	 	1,8,14	3	
Dechloromonas aromatica RCB	fig|159087.4.peg.292	589877	588141	1737	-	DNA primase (EC 2.7.7.-)	4	1,2	6	
Dechloromonas aromatica RCB	fig|159087.4.peg.293	590330	589884	447	-	Transamidase GatB domain protein	4	1	7	
Dechloromonas aromatica RCB	fig|159087.4.peg.294	590626	590414	213	-	SSU ribosomal protein S21p	 	1,5	5	
Dechloromonas aromatica RCB	fig|159087.4.peg.340	590723	591799	1077	+	N(6)-L-threonylcarbamoyladenine synthase (EC 2.3.1.234)	 	1,6,9,10,11,12	4	
Dechloromonas aromatica RCB	fig|159087.4.peg.341	592187	591909	279	-	hypothetical protein	 	 	 	
Dechloromonas aromatica RCB	fig|159087.4.peg.342	592697	592197	501	-	Thiol peroxidase, Tpx-type (EC 1.11.1.15)	 	74	 	
Dechloromonas aromatica RCB	fig|159087.4.peg.343	593711	593115	597	-	Acyl-phosphate:glycerol-3-phosphate O-acyltransferase PlsY (EC 2.3.1.n3)	5	4	2	
Dechloromonas aromatica RCB	fig|159087.4.peg.344	593787	594137	351	+	Dihydroneopterin aldolase (EC 4.1.2.25)	 	3	1	
Dechloromonas aromatica RCB	fig|159087.4.peg.345	594720	594229	492	-	Cys-tRNA(Pro) deacylase YbaK	 	 	13	
Dechloromonas aromatica RCB	fig|159087.4.peg.346	595363	594962	402	-	Hypothetical protein YaeJ with similarity to translation release factor	 	76	 	
Dechloromonas aromatica RCB	fig|159087.4.peg.347	596282	595374	909	-	Site-specific tyrosine recombinase XerD	 	 	15	
Dechloromonas aromatica RCB	fig|159087.4.peg.348	596748	596260	489	-	Methylated-DNA--protein-cysteine methyltransferase (EC 2.1.1.63)	 	15	9	
Dechloromonas aromatica RCB	fig|159087.4.peg.349	597944	596769	1176	-	Glutaryl-CoA dehydrogenase (EC 1.3.99.7)	 	 	 	
Dechloromonas aromatica RCB	fig|159087.4.peg.350	599267	598011	1257	-	Gamma-glutamyl phosphate reductase (EC 1.2.1.41)	 	13,20	8	
Dechloromonas aromatica RCB	fig|159087.4.peg.351	599381	599623	243	+	hypothetical protein	 	 	 	
Dechloromonas aromatica RCB	fig|159087.4.peg.352	600631	599624	1008	-	DNA polymerase III delta subunit (EC 2.7.7.7)	 	2	10	
Dechloromonas aromatica RCB	fig|159087.4.peg.353	601315	600797	519	-	LPS-assembly lipoprotein RlpB precursor (Rare lipoprotein B)	 	16,21	11	
Dechloromonas aromatica RCB	fig|159087.4.peg.354	603955	601325	2631	-	Leucyl-tRNA synthetase (EC 6.1.1.4)	 	 	12	
Lutiella nitroferrum 2002	fig|279714.3.peg.1387	375929	376786	858	+	probable lipoprotein nlpD precursor	 	 	26	
Lutiella nitroferrum 2002	fig|279714.3.peg.1388	376828	377778	951	+	RNA polymerase sigma factor RpoS	 	8	3	
Lutiella nitroferrum 2002	fig|279714.3.peg.1389	379788	377836	1953	-	FIG001454: Transglutaminase-like enzymes, putative cysteine proteases	 	 	23	
Lutiella nitroferrum 2002	fig|279714.3.peg.1390	380732	379785	948	-	FIG002343: hypothetical protein	 	 	21	
Lutiella nitroferrum 2002	fig|279714.3.peg.1391	381633	380719	915	-	FIG022979: MoxR-like ATPases	 	 	18	
Lutiella nitroferrum 2002	fig|279714.3.peg.1392	381708	382667	960	+	Deacetylases, including yeast histone deacetylase and acetoin utilization protein	 	29	16	
Lutiella nitroferrum 2002	fig|279714.3.peg.1393	383386	382742	645	-	Acyl-phosphate:glycerol-3-phosphate O-acyltransferase PlsY (EC 2.3.1.n3)	18	4	2	
Lutiella nitroferrum 2002	fig|279714.3.peg.1394	383458	383817	360	+	Dihydroneopterin aldolase (EC 4.1.2.25)	 	3	1	
Lutiella nitroferrum 2002	fig|279714.3.peg.1395	384168	383887	282	-	hypothetical protein	 	 	27	
Lutiella nitroferrum 2002	fig|279714.3.peg.1396	384680	384294	387	-	Hemoglobin-like protein HbO	 	18	14	
Lutiella nitroferrum 2002	fig|279714.3.peg.1397	386014	384755	1260	-	D-amino acid dehydrogenase (EC 1.4.99.1)	 	28,30,31	17	
Lutiella nitroferrum 2002	fig|279714.3.peg.1398	386963	386097	867	-	Chemotaxis protein methyltransferase CheR (EC 2.1.1.80)	 	25	19	
Lutiella nitroferrum 2002	fig|279714.3.peg.1399	387371	387021	351	-	probable iron binding protein from the HesB_IscA_SufA family	 	 	20	
Lutiella nitroferrum 2002	fig|279714.3.peg.1400	388594	387551	1044	-	N-acetyl-gamma-glutamyl-phosphate reductase (EC 1.2.1.38)	 	24	22	
Lutiella nitroferrum 2002	fig|279714.3.peg.1401	389111	388719	393	-	SSU ribosomal protein S9p (S16e)	 	5	24	
Lutiella nitroferrum 2002	fig|279714.3.peg.1402	389554	389126	429	-	LSU ribosomal protein L13p (L13Ae)	 	23	25	
Lutiella nitroferrum 2002	fig|279714.3.peg.1403	392109	389908	2202	-	Inactive (p)ppGpp 3'-pyrophosphohydrolase domain / GTP pyrophosphokinase (EC 2.7.6.5), (p)ppGpp synthetase I	 	27,38,44	35	
Pseudogulbenkiania ferrooxidans 2002	fig|279714.4.peg.1408	375929	376786	858	+	probable lipoprotein nlpD precursor	 	 	26	
Pseudogulbenkiania ferrooxidans 2002	fig|279714.4.peg.1409	376828	377778	951	+	RNA polymerase sigma factor RpoS	 	8	3	
Pseudogulbenkiania ferrooxidans 2002	fig|279714.4.peg.1410	379788	377836	1953	-	FIG001454: Transglutaminase-like enzymes, putative cysteine proteases	 	 	23	
Pseudogulbenkiania ferrooxidans 2002	fig|279714.4.peg.1411	380732	379785	948	-	FIG002343: hypothetical protein	 	 	21	
Pseudogulbenkiania ferrooxidans 2002	fig|279714.4.peg.1412	381633	380719	915	-	FIG022979: MoxR-like ATPases	 	 	18	
Pseudogulbenkiania ferrooxidans 2002	fig|279714.4.peg.1413	381708	382667	960	+	Deacetylases, including yeast histone deacetylase and acetoin utilization protein	 	29	16	
Pseudogulbenkiania ferrooxidans 2002	fig|279714.4.peg.1414	383386	382742	645	-	Acyl-phosphate:glycerol-3-phosphate O-acyltransferase PlsY (EC 2.3.1.n3)	18	4	2	
Pseudogulbenkiania ferrooxidans 2002	fig|279714.4.peg.1415	383458	383817	360	+	Dihydroneopterin aldolase (EC 4.1.2.25)	 	3	1	
Pseudogulbenkiania ferrooxidans 2002	fig|279714.4.peg.1416	384168	383887	282	-	hypothetical protein	 	 	27	
Pseudogulbenkiania ferrooxidans 2002	fig|279714.4.peg.1417	384680	384294	387	-	Hemoglobin-like protein HbO	 	18	14	
Pseudogulbenkiania ferrooxidans 2002	fig|279714.4.peg.1418	386014	384755	1260	-	D-amino acid dehydrogenase (EC 1.4.99.1)	 	28,30,31	17	
Pseudogulbenkiania ferrooxidans 2002	fig|279714.4.peg.1419	386963	386097	867	-	Chemotaxis protein methyltransferase CheR (EC 2.1.1.80)	 	25	19	
Pseudogulbenkiania ferrooxidans 2002	fig|279714.4.peg.1420	387371	387021	351	-	probable iron binding protein from the HesB_IscA_SufA family	 	 	20	
Pseudogulbenkiania ferrooxidans 2002	fig|279714.4.peg.1421	388594	387551	1044	-	N-acetyl-gamma-glutamyl-phosphate reductase (EC 1.2.1.38)	 	24	22	
Pseudogulbenkiania ferrooxidans 2002	fig|279714.4.peg.1422	389111	388719	393	-	SSU ribosomal protein S9p (S16e)	 	5	24	
Pseudogulbenkiania ferrooxidans 2002	fig|279714.4.peg.1423	389554	389126	429	-	LSU ribosomal protein L13p (L13Ae)	 	23	25	
Pseudogulbenkiania ferrooxidans 2002	fig|279714.4.peg.1424	392109	389908	2202	-	Inactive (p)ppGpp 3'-pyrophosphohydrolase domain / GTP pyrophosphokinase (EC 2.7.6.5), (p)ppGpp synthetase I	 	27,38,44	35	
Laribacter hongkongensis HLHK9	fig|557598.3.peg.585	579645	582518	2874	+	Isoleucyl-tRNA synthetase (EC 6.1.1.5)	 	 	 	
Laribacter hongkongensis HLHK9	fig|557598.3.peg.586	582538	582984	447	+	Lipoprotein signal peptidase (EC 3.4.23.36)	 	43,66	 	
Laribacter hongkongensis HLHK9	fig|557598.3.peg.587	582981	583916	936	+	4-hydroxy-3-methylbut-2-enyl diphosphate reductase (EC 1.17.1.2)	 	65,70	 	
Laribacter hongkongensis HLHK9	fig|557598.3.peg.588	585447	583987	1461	-	hypothetical protein	 	 	 	
Laribacter hongkongensis HLHK9	fig|557598.3.peg.589	586004	585444	561	-	aerotaxis receptor	 	 	 	
Laribacter hongkongensis HLHK9	fig|557598.3.peg.590	586189	587391	1203	+	Phosphoribosylglycinamide formyltransferase 2 (EC 2.1.2.-)	 	57	 	
Laribacter hongkongensis HLHK9	fig|557598.3.peg.591	587382	587783	402	+	Hemoglobin-like protein HbO	 	18	14	
Laribacter hongkongensis HLHK9	fig|557598.3.peg.592	587891	588280	390	+	hypothetical protein	 	 	 	
Laribacter hongkongensis HLHK9	fig|557598.3.peg.593	588775	588416	360	-	Dihydroneopterin aldolase (EC 4.1.2.25)	 	3	1	
Laribacter hongkongensis HLHK9	fig|557598.3.peg.594	588932	589462	531	+	Acyl-phosphate:glycerol-3-phosphate O-acyltransferase PlsY (EC 2.3.1.n3)	13	4	2	
Laribacter hongkongensis HLHK9	fig|557598.3.peg.595	590511	589873	639	-	hypothetical protein	 	 	 	
Laribacter hongkongensis HLHK9	fig|557598.3.peg.596	591497	590508	990	-	Paraquat-inducible protein B	 	72	 	
Laribacter hongkongensis HLHK9	fig|557598.3.peg.597	592261	591497	765	-	ABC transporter, ATP-binding protein	 	 	 	
Laribacter hongkongensis HLHK9	fig|557598.3.peg.598	593373	592258	1116	-	ABC transporter, permease protein	 	 	 	
Laribacter hongkongensis HLHK9	fig|557598.3.peg.599	593688	593443	246	-	hypothetical protein	 	 	 	
Laribacter hongkongensis HLHK9	fig|557598.3.peg.600	597161	593766	3396	-	Transcription-repair coupling factor	 	2,32,75	 	
Chromobacterium violaceum ATCC 12472	fig|243365.1.peg.3681	3982053	3983057	1005	+	Murein hydrolase activator NlpD	 	 	26	
Chromobacterium violaceum ATCC 12472	fig|243365.1.peg.3682	3983111	3984061	951	+	RNA polymerase sigma factor RpoS	 	8	3	
Chromobacterium violaceum ATCC 12472	fig|243365.1.peg.3683	3986005	3984104	1902	-	FIG001454: Transglutaminase-like enzymes, putative cysteine proteases	 	 	23	
Chromobacterium violaceum ATCC 12472	fig|243365.1.peg.3684	3986955	3986011	945	-	FIG002343: hypothetical protein	 	 	21	
Chromobacterium violaceum ATCC 12472	fig|243365.1.peg.3685	3987844	3986939	906	-	FIG022979: MoxR-like ATPases	 	 	18	
Chromobacterium violaceum ATCC 12472	fig|243365.1.peg.3686	3987918	3988877	960	+	Deacetylases, including yeast histone deacetylase and acetoin utilization protein	 	29	16	
Chromobacterium violaceum ATCC 12472	fig|243365.1.peg.3687	3988898	3989566	669	+	Signal peptidase I (EC 3.4.21.89)	 	27,43	 	
Chromobacterium violaceum ATCC 12472	fig|243365.1.peg.3688	3990165	3989632	534	-	Acyl-phosphate:glycerol-3-phosphate O-acyltransferase PlsY (EC 2.3.1.n3)	11	4	2	
Chromobacterium violaceum ATCC 12472	fig|243365.1.peg.3689	3990337	3990696	360	+	Dihydroneopterin aldolase (EC 4.1.2.25)	 	3	1	
Chromobacterium violaceum ATCC 12472	fig|243365.1.peg.3690	3990990	3990706	285	-	hypothetical protein	 	 	 	
Chromobacterium violaceum ATCC 12472	fig|243365.1.peg.3691	3991502	3991113	390	-	Hemoglobin-like protein HbO	 	18	14	
Chromobacterium violaceum ATCC 12472	fig|243365.1.peg.3692	3992822	3991575	1248	-	D-amino acid dehydrogenase (EC 1.4.99.1)	 	28,30,31	17	
Chromobacterium violaceum ATCC 12472	fig|243365.1.peg.3693	3993784	3992927	858	-	Chemotaxis protein methyltransferase CheR (EC 2.1.1.80)	 	25	19	
Chromobacterium violaceum ATCC 12472	fig|243365.1.peg.3694	3994205	3993852	354	-	probable iron binding protein from the HesB_IscA_SufA family	 	58	20	
Chromobacterium violaceum ATCC 12472	fig|243365.1.peg.3695	3995387	3994359	1029	-	N-acetyl-gamma-glutamyl-phosphate reductase (EC 1.2.1.38)	 	20,24	22	
Chromobacterium violaceum ATCC 12472	fig|243365.1.peg.3696	3995911	3995519	393	-	SSU ribosomal protein S9p (S16e)	 	5	24	
Chromobacterium violaceum ATCC 12472	fig|243365.1.peg.3697	3996355	3995927	429	-	LSU ribosomal protein L13p (L13Ae)	 	23	25	
Chromobacterium violaceum ATCC 12472	fig|243365.1.peg.3698	3997445	3996735	711	-	Purine nucleoside phosphorylase (EC 2.4.2.1)	 	35,39,47	 	
Chromobacterium violaceum ATCC 12472	fig|243365.1.peg.3699	3998757	3997540	1218	-	Phosphopentomutase (EC 5.4.2.7)	 	35	 	
Nitrosomonas eutropha C91	fig|335283.5.peg.419	294026	294610	585	+	Holliday junction DNA helicase RuvA	 	2,42,46	 	
Nitrosomonas eutropha C91	fig|335283.5.peg.420	294629	295669	1041	+	Holliday junction DNA helicase RuvB	 	2,42,46	 	
Nitrosomonas eutropha C91	fig|335283.5.peg.421	295730	296143	414	+	Tol-Pal system-associated acyl-CoA thioesterase	 	7	 	
Nitrosomonas eutropha C91	fig|335283.5.peg.422	296136	296840	705	+	Tol-Pal system protein TolQ	 	7	 	
Nitrosomonas eutropha C91	fig|335283.5.peg.423	296837	297253	417	+	Tol biopolymer transport system, TolR protein	 	7	 	
Nitrosomonas eutropha C91	fig|335283.5.peg.424	297274	298170	897	+	Putative TolA protein	 	7	 	
Nitrosomonas eutropha C91	fig|335283.5.peg.425	298209	299480	1272	+	Tol-Pal system beta propeller repeat protein TolB	 	7	34	
Nitrosomonas eutropha C91	fig|335283.5.peg.426	299482	299574	93	+	hypothetical protein	 	 	 	
Nitrosomonas eutropha C91	fig|335283.5.peg.427	299543	300064	522	+	Tol-Pal system peptidoglycan-associated lipoprotein PAL	 	7	33	
Nitrosomonas eutropha C91	fig|335283.5.peg.428	300064	300885	822	+	Tol-Pal system TPR repeat containing exported protein YbgF	 	7	32	
Nitrosomonas eutropha C91	fig|335283.5.peg.429	300987	301622	636	+	Queuosine Biosynthesis QueE Radical SAM	 	22	31	
Nitrosomonas eutropha C91	fig|335283.5.peg.430	301644	302324	681	+	7-cyano-7-deazaguanine synthase (EC 6.3.4.20)	 	22,36	30	
Nitrosomonas eutropha C91	fig|335283.5.peg.431	302678	302325	354	-	Dihydroneopterin aldolase (EC 4.1.2.25)	 	3	1	
Nitrosomonas eutropha C91	fig|335283.5.peg.432	302764	303366	603	+	Acyl-phosphate:glycerol-3-phosphate O-acyltransferase PlsY (EC 2.3.1.n3)	17	4	2	
Nitrosomonas eutropha C91	fig|335283.5.peg.433	304400	303384	1017	-	N(6)-L-threonylcarbamoyladenine synthase (EC 2.3.1.234)	18	1,6,9,10,11,12	4	
Nitrosomonas eutropha C91	fig|335283.5.peg.434	304677	304889	213	+	SSU ribosomal protein S21p	17	1,5	5	
Nitrosomonas eutropha C91	fig|335283.5.peg.435	304963	304862	102	-	hypothetical protein	 	 	 	
Nitrosomonas eutropha C91	fig|335283.5.peg.436	304921	305370	450	+	Transamidase GatB domain protein	15	1	7	
Nitrosomonas eutropha C91	fig|335283.5.peg.437	305465	307258	1794	+	DNA primase (EC 2.7.7.-)	18	1,2	6	
Nitrosomonas eutropha C91	fig|335283.5.peg.438	307440	309689	2250	+	RNA polymerase sigma factor RpoD	14	1,8,14	3	
Nitrosomonas eutropha C91	fig|335283.5.rna.54	309741	309814	74	+	tRNA-Met-CAT	 	 	 	
Nitrosomonas eutropha C91	fig|335283.5.rna.10	309741	309817	77	+	tRNA-Met-CAT	 	 	 	
Nitrosomonas eutropha C91	fig|335283.5.peg.439	310015	309869	147	-	Phage integrase	 	 	 	
Methylobacillus flagellatus KT	fig|265072.11.peg.2435	2477703	2477350	354	-	FIG00799059: hypothetical protein	 	 	 	
Methylobacillus flagellatus KT	fig|265072.11.peg.2436	2477857	2478768	912	+	Transcriptional activator protein nhaR	 	 	 	
Methylobacillus flagellatus KT	fig|265072.11.rna.50	2479172	2479094	79	-	tRNA-Met-CAT	 	 	 	
Methylobacillus flagellatus KT	fig|265072.11.peg.2437	2481110	2479188	1923	-	RNA polymerase sigma factor RpoD	13	1,8,14	3	
Methylobacillus flagellatus KT	fig|265072.11.peg.2438	2482940	2481210	1731	-	DNA primase (EC 2.7.7.-)	23	1,2	6	
Methylobacillus flagellatus KT	fig|265072.11.peg.2439	2483432	2483028	405	-	Transamidase GatB domain protein	17	1	7	
Methylobacillus flagellatus KT	fig|265072.11.peg.2440	2483705	2483493	213	-	SSU ribosomal protein S21p	17	1,5	5	
Methylobacillus flagellatus KT	fig|265072.11.peg.2441	2483792	2484811	1020	+	N(6)-L-threonylcarbamoyladenine synthase (EC 2.3.1.234)	23	1,6,9,10,11,12	4	
Methylobacillus flagellatus KT	fig|265072.11.peg.2442	2485420	2484830	591	-	Acyl-phosphate:glycerol-3-phosphate O-acyltransferase PlsY	20	4	2	
Methylobacillus flagellatus KT	fig|265072.11.peg.2443	2485490	2485864	375	+	Dihydroneopterin aldolase (EC 4.1.2.25)	 	3	1	
Methylobacillus flagellatus KT	fig|265072.11.peg.2444	2486911	2486018	894	-	Site-specific tyrosine recombinase XerD	 	 	15	
Methylobacillus flagellatus KT	fig|265072.11.peg.2445	2487386	2486898	489	-	Methylated-DNA--protein-cysteine methyltransferase (EC 2.1.1.63)	 	15	9	
Methylobacillus flagellatus KT	fig|265072.11.peg.2446	2487887	2487498	390	-	LSU ribosomal protein L19p	 	23	 	
Methylobacillus flagellatus KT	fig|265072.11.peg.2447	2488695	2487901	795	-	tRNA (Guanine37-N1) -methyltransferase (EC 2.1.1.31)	 	41,78	 	
Methylobacillus flagellatus KT	fig|265072.11.peg.2448	2489213	2488692	522	-	16S rRNA processing protein RimM	 	41	 	
Methylobacillus flagellatus KT	fig|265072.11.peg.2449	2489489	2489241	249	-	SSU ribosomal protein S16p	 	5	 	
Methylobacillus flagellatus KT	fig|265072.11.peg.2450	2490250	2489561	690	-	7-cyano-7-deazaguanine synthase (EC 6.3.4.20)	 	22,36	30	
Methylobacillus flagellatus KT	fig|265072.11.peg.2451	2490841	2490296	546	-	Queuosine Biosynthesis QueE Radical SAM	 	22	31	
Methylobacillus flagellatus KT	fig|265072.11.peg.2452	2491767	2490943	825	-	Tol-Pal system TPR repeat containing exported protein YbgF	 	7	32	
Methylobacillus flagellatus KT	fig|265072.11.peg.2453	2492313	2491771	543	-	Tol-Pal system peptidoglycan-associated lipoprotein PAL	 	7	33	
Methylobacillus flagellatus KT	fig|265072.11.peg.2454	2493754	2492453	1302	-	Tol-Pal system beta propeller repeat protein TolB	 	7	34	
Gallionella ferruginea ES-2	fig|395494.3.peg.2567	59	1069	1011	+	N(6)-L-threonylcarbamoyladenine synthase (EC 2.3.1.234)	20	1,6,9,10,11,12	4	
Gallionella ferruginea ES-2	fig|395494.3.peg.2568	1682	1089	594	-	Acyl-phosphate:glycerol-3-phosphate O-acyltransferase PlsY (EC 2.3.1.n3)	14	4	2	
Gallionella ferruginea ES-2	fig|395494.3.peg.2569	1755	2111	357	+	Dihydroneopterin aldolase (EC 4.1.2.25)	 	3	1	
Gallionella ferruginea ES-2	fig|395494.3.peg.2570	2709	2104	606	-	hypothetical protein	 	 	 	
Gallionella ferruginea ES-2	fig|395494.3.peg.2571	3994	2696	1299	-	BNR/Asp-box repeat protein	 	 	 	
Gallionella ferruginea ES-2	fig|395494.3.peg.2572	5721	3994	1728	-	hypothetical protein	 	 	 	
Gallionella ferruginea ES-2	fig|395494.3.peg.2573	6214	5708	507	-	GtrA-like protein	 	 	 	
Gallionella ferruginea ES-2	fig|395494.3.peg.2574	7434	6211	1224	-	ADP-heptose--lipooligosaccharide heptosyltransferase II	 	37	 	
Gallionella ferruginea ES-2	fig|395494.3.peg.2575	10124	7524	2601	-	DNA polymerase I (EC 2.7.7.7)	 	2,54	 	
Nitrosospira multiformis ATCC 25196	fig|323848.3.peg.2233	2347963	2347415	549	-	Putative transposase	 	 	 	
Nitrosospira multiformis ATCC 25196	fig|323848.3.peg.2234	2348268	2347945	324	-	Mobile element protein	 	 	 	
Nitrosospira multiformis ATCC 25196	fig|323848.3.rna.36	2348706	2348630	77	-	tRNA-Met-CAT	 	 	 	
Nitrosospira multiformis ATCC 25196	fig|323848.3.rna.82	2348706	2348633	74	-	tRNA-Met-CAT	 	 	 	
Nitrosospira multiformis ATCC 25196	fig|323848.3.peg.2235	2350929	2348764	2166	-	RNA polymerase sigma factor RpoD	11	1,8,14	3	
Nitrosospira multiformis ATCC 25196	fig|323848.3.peg.2236	2352848	2351070	1779	-	DNA primase (EC 2.7.7.-)	16	1,2	6	
Nitrosospira multiformis ATCC 25196	fig|323848.3.peg.2237	2353436	2352990	447	-	Transamidase GatB domain protein	15	1	7	
Nitrosospira multiformis ATCC 25196	fig|323848.3.peg.2238	2353713	2353501	213	-	SSU ribosomal protein S21p	18	1,5	5	
Nitrosospira multiformis ATCC 25196	fig|323848.3.peg.2239	2353857	2354900	1044	+	N(6)-L-threonylcarbamoyladenine synthase (EC 2.3.1.234)	19	1,6,9,10,11,12	4	
Nitrosospira multiformis ATCC 25196	fig|323848.3.peg.2240	2355577	2354969	609	-	Acyl-phosphate:glycerol-3-phosphate O-acyltransferase PlsY (EC 2.3.1.n3)	16	4	2	
Nitrosospira multiformis ATCC 25196	fig|323848.3.peg.2241	2355699	2356058	360	+	Dihydroneopterin aldolase (EC 4.1.2.25)	 	3	1	
Nitrosospira multiformis ATCC 25196	fig|323848.3.peg.2242	2356858	2356256	603	-	FIG00861118: hypothetical protein	 	 	 	
Nitrosospira multiformis ATCC 25196	fig|323848.3.peg.2243	2357039	2357155	117	+	hypothetical protein	 	 	 	
Nitrosospira multiformis ATCC 25196	fig|323848.3.peg.2244	2357204	2357482	279	+	hypothetical protein	 	 	 	
Nitrosospira multiformis ATCC 25196	fig|323848.3.peg.2245	2358293	2357547	747	-	Orotidine 5'-phosphate decarboxylase (EC 4.1.1.23)	 	34	 	
Nitrosospira multiformis ATCC 25196	fig|323848.3.peg.2246	2358712	2358311	402	-	Putative transmembrane protein	 	 	 	
Nitrosospira multiformis ATCC 25196	fig|323848.3.peg.2247	2359032	2358748	285	-	Integration host factor beta subunit	 	56	 	
Nitrosospira multiformis ATCC 25196	fig|323848.3.peg.2248	2360756	2359041	1716	-	SSU ribosomal protein S1p	 	5,32	 	
Nitrosospira multiformis ATCC 25196	fig|323848.3.peg.2249	2360923	2360813	111	-	hypothetical protein	 	 	 	
Nitrosospira multiformis ATCC 25196	fig|323848.3.peg.2250	2361033	2360920	114	-	hypothetical protein	 	 	 	
Nitrosospira multiformis ATCC 25196	fig|323848.3.peg.2251	2361812	2361123	690	-	Cytidylate kinase (EC 2.7.4.25)	 	47	 	
Nitrosospira multiformis ATCC 25196	fig|323848.3.peg.2252	2363173	2361809	1365	-	5-Enolpyruvylshikimate-3-phosphate synthase (EC 2.5.1.19) beta sub-homology division ## AroF beta	 	51,52	 	
Nitrosospira multiformis ATCC 25196	fig|323848.3.peg.2253	2363366	2364319	954	+	Cysteine synthase (EC 2.5.1.47)	 	53,67	 	
Neisseria lactamica NS19	fig|933280.4.peg.2317	33812	34921	1110	+	Glutamate 5-kinase (EC 2.7.2.11)	 	13	 	
Neisseria lactamica NS19	fig|933280.4.peg.2318	35070	34918	153	-	hypothetical protein	 	 	 	
Neisseria lactamica NS19	fig|933280.4.peg.2319	35700	35443	258	-	hypothetical protein	 	 	 	
Neisseria lactamica NS19	fig|933280.4.peg.2320	35699	36961	1263	+	Gamma-glutamyl phosphate reductase (EC 1.2.1.41)	 	13	8	
Neisseria lactamica NS19	fig|933280.4.peg.2321	37044	36919	126	-	hypothetical protein	 	 	 	
Neisseria lactamica NS19	fig|933280.4.peg.2322	40063	37037	3027	-	Cell division protein FtsK	 	6,17,26	 	
Neisseria lactamica NS19	fig|933280.4.peg.2323	40228	40106	123	-	FIG00849307: hypothetical protein	 	 	 	
Neisseria lactamica NS19	fig|933280.4.peg.2324	40233	40913	681	+	probable integral membrane protein NMA1265	 	 	 	
Neisseria lactamica NS19	fig|933280.4.peg.2325	40942	41301	360	+	Protein crcB homolog	 	 	 	
Neisseria lactamica NS19	fig|933280.4.peg.2326	41624	41460	165	-	hypothetical protein	 	 	 	
Neisseria lactamica NS19	fig|933280.4.peg.2327	41765	41637	129	-	hypothetical protein	 	 	 	
Neisseria lactamica NS19	fig|933280.4.peg.2328	42344	41808	537	-	ADP-ribose pyrophosphatase (EC 3.6.1.13)	 	69,71	 	
Neisseria lactamica NS19	fig|933280.4.peg.2329	42734	42378	357	-	Dihydroneopterin aldolase (EC 4.1.2.25)	 	3	1	
Neisseria lactamica NS19	fig|933280.4.peg.2330	42790	43392	603	+	Acyl-phosphate:glycerol-3-phosphate O-acyltransferase PlsY	10	4	2	
Neisseria lactamica NS19	fig|933280.4.peg.2331	43469	44314	846	+	Protein involved in catabolism of external DNA	 	55	 	
Neisseria lactamica NS19	fig|933280.4.peg.2332	44755	44423	333	-	FIG00848081: hypothetical protein	 	 	 	
Neisseria lactamica NS19	fig|933280.4.peg.2333	45033	44806	228	-	FIG00847137: hypothetical protein	 	 	 	
Neisseria lactamica NS19	fig|933280.4.peg.2334	45274	45143	132	-	FIG00847114: hypothetical protein	 	 	 	
Neisseria lactamica NS19	fig|933280.4.peg.2335	45299	46273	975	+	Fructose-1,6-bisphosphatase, type I (EC 3.1.3.11)	 	62	 	
Neisseria lactamica NS19	fig|933280.4.peg.2336	46634	46416	219	-	FIG00847453: hypothetical protein	 	 	 	
Neisseria lactamica NS19	fig|933280.4.peg.2337	46801	46610	192	-	hypothetical protein NMA1257	 	 	 	
Neisseria lactamica NS19	fig|933280.4.peg.2338	46845	48095	1251	+	Serine hydroxymethyltransferase (EC 2.1.2.1)	 	3,60,61,73	 	
Neisseria lactamica NS19	fig|933280.4.peg.2339	48113	48238	126	+	DedA protein	 	33,45	 	
Neisseria lactamica NS19	fig|933280.4.peg.2340	48190	48834	645	+	DedA protein	 	33,45	 	
Neisseria lactamica NS19	fig|933280.4.peg.2341	48853	50874	2022	+	COG0488: ATPase components of ABC transporters with duplicated ATPase domains	 	3	 	
